-- phpMyAdmin SQL Dump
-- version 4.4.10
-- http://www.phpmyadmin.net
--
-- Client :  localhost:8889
-- Généré le :  Mer 07 Décembre 2016 à 14:52
-- Version du serveur :  5.5.42
-- Version de PHP :  5.6.10

SET SQL_MODE = "NO_AUTO_VALUE_ON_ZERO";
SET time_zone = "+00:00";

--
-- Base de données :  `gsb_frais`
--

-- --------------------------------------------------------

--
-- Structure de la table `etat`
--

CREATE TABLE `etat` (
  `id` char(2) NOT NULL,
  `libelle` varchar(30) DEFAULT NULL
) ENGINE=InnoDB DEFAULT CHARSET=utf8;

--
-- Contenu de la table `etat`
--

INSERT INTO `etat` (`id`, `libelle`) VALUES
('CL', 'Saisie clôturée'),
('CR', 'Fiche créée, saisie en cours'),
('RB', 'Remboursée'),
('VA', 'Validée et mise en paiement');

-- --------------------------------------------------------

--
-- Structure de la table `fichefrais`
--

CREATE TABLE `fichefrais` (
  `idutilisateur` char(4) NOT NULL,
  `mois` char(6) NOT NULL,
  `nbJustificatifs` int(11) DEFAULT NULL,
  `montantValide` decimal(10,2) DEFAULT NULL,
  `dateModif` date DEFAULT NULL,
  `idEtat` char(2) DEFAULT 'CR'
) ENGINE=InnoDB DEFAULT CHARSET=utf8;

--
-- Contenu de la table `fichefrais`
--

INSERT INTO `fichefrais` (`idutilisateur`, `mois`, `nbJustificatifs`, `montantValide`, `dateModif`, `idEtat`) VALUES
('a131', '201611', 0, '0.00', '2016-12-03', 'CL'),
('a131', '201612', 0, '0.00', '2016-12-03', 'CR'),
('a17', '201611', 0, '0.00', '2016-12-03', 'CL'),
('f39', '201612', 0, '0.00', '2016-12-03', 'CR');

-- --------------------------------------------------------

--
-- Structure de la table `fraisforfait`
--

CREATE TABLE `fraisforfait` (
  `id` char(3) NOT NULL,
  `libelle` char(20) DEFAULT NULL,
  `montant` decimal(5,2) DEFAULT NULL
) ENGINE=InnoDB DEFAULT CHARSET=utf8;

--
-- Contenu de la table `fraisforfait`
--

INSERT INTO `fraisforfait` (`id`, `libelle`, `montant`) VALUES
('ETP', 'Forfait Etape', '110.00'),
('KM', 'Frais Kilométrique', '0.62'),
('NUI', 'Nuitée Hôtel', '80.00'),
('REP', 'Repas Restaurant', '25.00');

-- --------------------------------------------------------

--
-- Structure de la table `lignefraisforfait`
--

CREATE TABLE `lignefraisforfait` (
  `idutilisateur` char(4) NOT NULL,
  `mois` char(6) NOT NULL,
  `idFraisForfait` char(3) NOT NULL,
  `quantite` int(11) DEFAULT NULL,
  `montant` decimal(10,2) NOT NULL
) ENGINE=InnoDB DEFAULT CHARSET=utf8;

--
-- Contenu de la table `lignefraisforfait`
--

INSERT INTO `lignefraisforfait` (`idutilisateur`, `mois`, `idFraisForfait`, `quantite`, `montant`) VALUES
('a131', '201611', 'ETP', 20, '2200.00'),
('a131', '201611', 'KM', 9, '5.58'),
('a131', '201611', 'NUI', 5, '400.00'),
('a131', '201611', 'REP', 14, '350.00'),
('a131', '201612', 'ETP', 0, '0.00'),
('a131', '201612', 'KM', 0, '0.00'),
('a131', '201612', 'NUI', 0, '0.00'),
('a131', '201612', 'REP', 0, '0.00'),
('a17', '201611', 'ETP', 20, '2200.00'),
('a17', '201611', 'KM', 100, '62.00'),
('f39', '201612', 'ETP', 0, '0.00'),
('f39', '201612', 'KM', 0, '0.00'),
('f39', '201612', 'NUI', 0, '0.00'),
('f39', '201612', 'REP', 0, '0.00');

--
-- Déclencheurs `lignefraisforfait`
--
DELIMITER $$
CREATE TRIGGER `before_insert_lignefraisforfait` BEFORE INSERT ON `lignefraisforfait`
 FOR EACH ROW SET NEW.montant = ( SELECT NEW.quantite * fraisforfait.montant 
                    FROM fraisforfait 
                    WHERE NEW.idFraisForfait = fraisforfait.id )
$$
DELIMITER ;
DELIMITER $$
CREATE TRIGGER `before_update_lignefraisforfait` BEFORE UPDATE ON `lignefraisforfait`
 FOR EACH ROW SET NEW.montant = 
( SELECT NEW.quantite* fraisforfait.montant 
  FROM fraisforfait 
  WHERE NEW.idFraisForfait = fraisforfait.id )
$$
DELIMITER ;

-- --------------------------------------------------------

--
-- Structure de la table `lignefraishorsforfait`
--

CREATE TABLE `lignefraishorsforfait` (
  `id` int(11) NOT NULL,
  `idutilisateur` char(4) NOT NULL,
  `mois` char(6) NOT NULL,
  `libelle` varchar(100) DEFAULT NULL,
  `date` date DEFAULT NULL,
  `montant` decimal(10,2) DEFAULT NULL
) ENGINE=InnoDB AUTO_INCREMENT=3 DEFAULT CHARSET=utf8;

--
-- Contenu de la table `lignefraishorsforfait`
--

INSERT INTO `lignefraishorsforfait` (`id`, `idutilisateur`, `mois`, `libelle`, `date`, `montant`) VALUES
(1, 'a131', '201611', 'hotel trés cher', '2016-10-12', '120.00'),
(2, 'a131', '201611', 'Restaurant "chez Benoît"', '2016-05-01', '1500.00');

-- --------------------------------------------------------

--
-- Structure de la table `role`
--

CREATE TABLE `role` (
  `id` char(2) NOT NULL,
  `profession` varchar(30) NOT NULL
) ENGINE=InnoDB DEFAULT CHARSET=utf8;

--
-- Contenu de la table `role`
--

INSERT INTO `role` (`id`, `profession`) VALUES
('0', 'Administrateur'),
('1', 'Comptable'),
('2', 'Visiteur médical');

-- --------------------------------------------------------

--
-- Structure de la table `utilisateur`
--

CREATE TABLE `utilisateur` (
  `id` char(4) NOT NULL,
  `nom` char(30) DEFAULT NULL,
  `prenom` char(30) DEFAULT NULL,
  `login` char(20) DEFAULT NULL,
  `mdp` char(20) DEFAULT NULL,
  `adresse` char(30) DEFAULT NULL,
  `cp` char(5) DEFAULT NULL,
  `ville` char(30) DEFAULT NULL,
  `dateEmbauche` date DEFAULT NULL,
  `mdpSHA` varchar(255) DEFAULT NULL,
  `idRole` varchar(25) DEFAULT NULL
) ENGINE=InnoDB DEFAULT CHARSET=utf8 COMMENT='Anciennement table visiteur';

--
-- Contenu de la table `utilisateur`
--

INSERT INTO `utilisateur` (`id`, `nom`, `prenom`, `login`, `mdp`, `adresse`, `cp`, `ville`, `dateEmbauche`, `mdpSHA`, `idRole`) VALUES
('a131', 'Villechalane', 'Louis', 'lvillachane', 'jux7g', '8 rue des Charmes', '46000', 'Cahors', '2005-12-21', '3abf9eb797afe468902101efe6b4b00f7d50802a', '2'),
('a17', 'Andre', 'David', 'dandre', 'oppg5', '1 rue Petit', '46200', 'Lalbenque', '1998-11-23', '12e0b9be32932a8028b0ef0432a0a0a99421f745', '2'),
('a55', 'Bedos', 'Christian', 'cbedos', 'gmhxd', '1 rue Peranud', '46250', 'Montcuq', '1995-01-12', 'a34b9dfadee33917a63c3cdebdc9526230611f0b', '2'),
('a93', 'Tusseau', 'Louis', 'ltusseau', 'ktp3s', '22 rue des Ternes', '46123', 'Gramat', '2000-05-01', 'f1c1d39e9898f3202a2eaa3dc38ae61575cd77ad', '2'),
('b13', 'Bentot', 'Pascal', 'pbentot', 'doyw1', '11 allée des Cerises', '46512', 'Bessines', '1992-07-09', '178e1efaf000fdf2267edc43fad2a65197a0ab10', '2'),
('b16', 'Bioret', 'Luc', 'lbioret', 'hrjfs', '1 Avenue gambetta', '46000', 'Cahors', '1998-05-11', 'ab7fa51f9bf8fde35d9e5bcc5066d3b71dda00d2', '2'),
('b19', 'Bunisset', 'Francis', 'fbunisset', '4vbnd', '10 rue des Perles', '93100', 'Montreuil', '1987-10-21', 'aa710ca3a1f12234bc2872aa0a6f88d6cf896ae4', '2'),
('b25', 'Bunisset', 'Denise', 'dbunisset', 's1y1r', '23 rue Manin', '75019', 'paris', '2010-12-05', '40ff56dc0525aa08de29eba96271997a91e7d405', '2'),
('b28', 'Cacheux', 'Bernard', 'bcacheux', 'uf7r3', '114 rue Blanche', '75017', 'Paris', '2009-11-12', '51a4fac4890def1ef8605f0b2e6554c86b2eb919', '2'),
('b34', 'Cadic', 'Eric', 'ecadic', '6u8dc', '123 avenue de la République', '75011', 'Paris', '2008-09-23', '2ed5ee95d2588be3650a935ff7687dee46d70fc8', '2'),
('b4', 'Charoze', 'Catherine', 'ccharoze', 'u817o', '100 rue Petit', '75019', 'Paris', '2005-11-12', '8b16cf71ab0842bd871bce99a1ba61dd7e9d4423', '2'),
('b50', 'Clepkens', 'Christophe', 'cclepkens', 'bw1us', '12 allée des Anges', '93230', 'Romainville', '2003-08-11', '7ddda57eca7a823c85ac0441adf56928b47ece76', '2'),
('b59', 'Cottin', 'Vincenne', 'vcottin', '2hoh9', '36 rue Des Roches', '93100', 'Monteuil', '2001-11-18', '2f95d1cac7b8e7459376bf36b93ae7333026282d', '2'),
('c14', 'Daburon', 'François', 'fdaburon', '7oqpv', '13 rue de Chanzy', '94000', 'Créteil', '2002-02-11', '5c7cc4a7f0123460c29c84d8f8a73bc86184adbb', '2'),
('c3', 'De', 'Philippe', 'pde', 'gk9kx', '13 rue Barthes', '94000', 'Créteil', '2010-12-14', '03b03872dd570959311f4fb9be01788e4d1a2abf', '2'),
('c54', 'Debelle', 'Michel', 'mdebelle', 'od5rt', '181 avenue Barbusse', '93210', 'Rosny', '2006-11-23', '1fa95c2fac5b14c6386b73cbe958b663fc66fdfa', '2'),
('d13', 'Debelle', 'Jeanne', 'jdebelle', 'nvwqq', '134 allée des Joncs', '44000', 'Nantes', '2000-05-11', '18c2cad6adb7cee7884f70108cfd0a9b448be9be', '2'),
('d51', 'Debroise', 'Michel', 'mdebroise', 'sghkb', '2 Bld Jourdain', '44000', 'Nantes', '2001-04-17', '46b609fe3aaa708f5606469b5bc1c0fa85010d76', '2'),
('e22', 'Desmarquest', 'Nathalie', 'ndesmarquest', 'f1fob', '14 Place d Arc', '45000', 'Orléans', '2005-11-12', 'abc20ea01dabd079ddd63fd9006e7232e442973c', '2'),
('e24', 'Desnost', 'Pierre', 'pdesnost', '4k2o5', '16 avenue des Cèdres', '23200', 'Guéret', '2001-02-05', '8eaa8011ec8aa8baa63231a21d12f4138ccc1a3d', '2'),
('e39', 'Dudouit', 'Frédéric', 'fdudouit', '44im8', '18 rue de l église', '23120', 'GrandBourg', '2000-08-01', '55072fa16c988da8f1fb31e40e4ac5f325ac145d', '2'),
('e49', 'Duncombe', 'Claude', 'cduncombe', 'qf77j', '19 rue de la tour', '23100', 'La souteraine', '1987-10-10', '577576f0b2c56c43b596f701b782870c8742c592', '2'),
('e5', 'Enault-Pascreau', 'Céline', 'cenault', 'y2qdu', '25 place de la gare', '23200', 'Gueret', '1995-09-01', 'cc0fb4115bb04c613fd1b95f4792fc44f07e9f4f', '2'),
('e52', 'Eynde', 'Valérie', 'veynde', 'i7sn3', '3 Grand Place', '13015', 'Marseille', '1999-11-01', 'd06ace8d729693904c304625e6a6fab6ab9e9746', '2'),
('f21', 'Finck', 'Jacques', 'jfinck', 'mpb3t', '10 avenue du Prado', '13002', 'Marseille', '2001-11-10', '6d8b2060b60132d9bdb09d37913fbef637b295f2', '2'),
('f39', 'Frémont', 'Fernande', 'ffremont', 'xs5tq', '4 route de la mer', '13012', 'Allauh', '1998-10-01', 'aa45efe9ecbf37db0089beeedea62ceb57db7f17', '1'),
('f4', 'Gest', 'Alain', 'agest', 'dywvt', '30 avenue de la mer', '13025', 'Berre', '1985-11-01', '1af7dedacbbe8ce324e316429a816daeff4c542f', '0');

--
-- Index pour les tables exportées
--

--
-- Index pour la table `etat`
--
ALTER TABLE `etat`
  ADD PRIMARY KEY (`id`);

--
-- Index pour la table `fichefrais`
--
ALTER TABLE `fichefrais`
  ADD PRIMARY KEY (`idutilisateur`,`mois`),
  ADD KEY `idEtat` (`idEtat`);

--
-- Index pour la table `fraisforfait`
--
ALTER TABLE `fraisforfait`
  ADD PRIMARY KEY (`id`);

--
-- Index pour la table `lignefraisforfait`
--
ALTER TABLE `lignefraisforfait`
  ADD PRIMARY KEY (`idutilisateur`,`mois`,`idFraisForfait`),
  ADD KEY `idFraisForfait` (`idFraisForfait`);

--
-- Index pour la table `lignefraishorsforfait`
--
ALTER TABLE `lignefraishorsforfait`
  ADD PRIMARY KEY (`id`),
  ADD KEY `idutilisateur` (`idutilisateur`,`mois`);

--
-- Index pour la table `role`
--
ALTER TABLE `role`
  ADD PRIMARY KEY (`id`);

--
-- Index pour la table `utilisateur`
--
ALTER TABLE `utilisateur`
  ADD PRIMARY KEY (`id`),
  ADD KEY `role_ibfk_1` (`idRole`);

--
-- AUTO_INCREMENT pour les tables exportées
--

--
-- AUTO_INCREMENT pour la table `lignefraishorsforfait`
--
ALTER TABLE `lignefraishorsforfait`
  MODIFY `id` int(11) NOT NULL AUTO_INCREMENT,AUTO_INCREMENT=3;
--
-- Contraintes pour les tables exportées
--

--
-- Contraintes pour la table `fichefrais`
--
ALTER TABLE `fichefrais`
  ADD CONSTRAINT `fichefrais_ibfk_1` FOREIGN KEY (`idEtat`) REFERENCES `etat` (`id`),
  ADD CONSTRAINT `fichefrais_ibfk_2` FOREIGN KEY (`idutilisateur`) REFERENCES `utilisateur` (`id`);

--
-- Contraintes pour la table `lignefraisforfait`
--
ALTER TABLE `lignefraisforfait`
  ADD CONSTRAINT `lignefraisforfait_ibfk_1` FOREIGN KEY (`idutilisateur`, `mois`) REFERENCES `fichefrais` (`idutilisateur`, `mois`),
  ADD CONSTRAINT `lignefraisforfait_ibfk_2` FOREIGN KEY (`idFraisForfait`) REFERENCES `fraisforfait` (`id`);

--
-- Contraintes pour la table `lignefraishorsforfait`
--
ALTER TABLE `lignefraishorsforfait`
  ADD CONSTRAINT `lignefraishorsforfait_ibfk_1` FOREIGN KEY (`idutilisateur`, `mois`) REFERENCES `fichefrais` (`idutilisateur`, `mois`);

--
-- Contraintes pour la table `utilisateur`
--
ALTER TABLE `utilisateur`
  ADD CONSTRAINT `role_ibfk_1` FOREIGN KEY (`idRole`) REFERENCES `role` (`id`);
